<?xml version="1.0" encoding="UTF-8"?>
<!DOCTYPE configuration PUBLIC "-//mybatis.org//DTD Config 3.0//EN" "http://mybatis.org/dtd/mybatis-3-config.dtd">
<configuration>

    <typeAliases>
        <package name="com.linewell.test.entity"/>
        <package name="com.linewell.test.querybean"/>
    </typeAliases>

    <environments default="development">
        <environment id="development">
            <transactionManager type="JDBC"/>
            <dataSource type="POOLED">
                <property name="driver" value="org.postgresql.Driver"/>
                <property name="url" value="jdbc:postgresql://192.168.206.180:5432/test"/>
                <property name="username" value="gpmon"/>
                <property name="password" value="123456"/>
            </dataSource>
        </environment>
    </environments>

    <!-- 映射文件，mapper的配置文件 -->
    <mappers>
        <!--直接映射到相应的mapper文件 -->
        <mapper resource="mybatis/mapper/TestMapper.xml"/>
    </mappers>
</configuration>