<?xml version="1.0" encoding="UTF-8"?>
<!DOCTYPE mapper PUBLIC "-//mybatis.org//DTD Mapper 3.0//EN" "http://mybatis.org/dtd/mybatis-3-mapper.dtd">
<mapper namespace="com.linewell.test.dao.TestMapper">

    <select id="selelctTest" parameterType="String" resultType="com.linewell.test.entity.Test">
        SELECT * FROM "user".sys_role_permission_nb2  WHERE  id=#{id}
    </select>


    <insert id="addTest" parameterType="com.linewell.test.entity.Test">
		insert into "user".sys_role_permission_nb2 (id,permission_id) values (#{id},#{permission_id})
	</insert>


    <insert id="addTestGetId" parameterType="com.linewell.test.entity.Test"
            useGeneratedKeys="true" keyProperty="id">
		insert into "user".sys_role_permission_nb2 (uname) values (#{uname})
	</insert>

    <insert id="deleteById" parameterType="String" >
		delete into "user".sys_role_permission_nb2 (uname)   WHERE  id=#{id}
	</insert>


    <insert id="updateById" parameterType="String" >
		update "user".sys_role_permission_nb2 set role_id='a'   WHERE  permission_id=#{id}
	</insert>
</mapper>

